"","cruise","date_mdy","time_local","station","cast","niskin","depth","date_ymdThms","latitude","longitude","pressure","temperature","salinity","sigmatheta","oxygen_conc","n2o_id","run_date","run_id","d15Na","d15Nb","SP","d15Nbulk","d17O","d18O","n2o_conc","n2o_id_notsure","n2o_at_saturation","n2o_sat_percentage","no2_conc","d15N_no2","d18O_no2","no3_conc","d15N_no3","d18O_no3"
"1","ETNP 2017 HoHoHoDZ (Nicole)","12/24/16","","1",3,1,1500,"2106-12-24T18:51:19",22.66544,-109.344,1483.189,2.9926,34.5837,27.5435,39.329,29,171024,"bottleID_0029",20.91,-1.24,22.15,9.83,29.85,58.65,46.53,8,13.7805496091889,337.649813103054,0,NA,NA,43.35,6.47,2.68
"2","ETNP 2017 HoHoHoDZ (Nicole)","12/24/16","","1",3,2,1250,"2106-12-24T18:51:19",22.66544,-109.344,1262.528,3.4976,34.5598,27.4773,24.989,31,171024,"bottleID_0031",20.74,-1.79,22.53,9.47,29.74,58.43,52.82,10,13.5180330018842,390.737320974417,0,NA,NA,43.98,7.26,2.98
"3","ETNP 2017 HoHoHoDZ (Nicole)","12/24/16","","1",3,3,1000,"2106-12-24T18:51:19",22.66544,-109.344,1008.717,4.3385,34.5219,27.3615,9.752,33,171024,"bottleID_0033",19.1,-1.83,20.92,8.64,29.75,58.45,62.9,12,13.0959796795595,480.300073297883,NA,NA,NA,44.38,7.29,3.94
"4","ETNP 2017 HoHoHoDZ (Nicole)","12/24/16","","1",3,4,850,"2106-12-24T18:51:19",22.66544,-109.344,857.646,4.965,34.4998,27.2746,4.877,35,171023,"bottleID_0035",17.64,-1.29,18.94,8.17,29.68,58.32,68.68,14,12.7929510424255,536.858147680198,0,NA,NA,43.82,8,5.21
"5","ETNP 2017 HoHoHoDZ (Nicole)","12/24/16","","1",3,6,650,"2106-12-24T18:51:19",22.66544,-109.344,655.363,6.2531,34.4909,27.1101,1.131,37,171023,"bottleID_0037",17.51,-0.35,17.85,8.58,31.19,61.34,64.11,16,12.1975145426332,525.598881443595,0,NA,NA,39.65,9.61,7.3
"6","ETNP 2017 HoHoHoDZ (Nicole)","12/24/16","","1",3,7,500,"2106-12-24T18:51:19",22.66544,-109.344,503.484,7.4774,34.4862,26.9397,1.244,39,171023,"bottleID_0039",17.9,1.94,15.96,9.92,30.71,60.37,61.12,18,11.6668437665161,523.87776182805,0,NA,NA,34.87,11.58,9.19
"7","ETNP 2017 HoHoHoDZ (Nicole)","12/24/16","","1",3,10,400,"2106-12-24T18:51:19",22.66544,-109.344,403.034,8.5988,34.5181,26.7974,1.559,41,171023,"bottleID_0041",19.16,3.42,15.75,11.29,30.93,60.81,54.37,20,11.2067101053737,485.155763723461,NA,NA,NA,31.43,13.65,11.19
"8","ETNP 2017 HoHoHoDZ (Nicole)","12/24/16","","1",3,12,350,"2106-12-24T18:51:19",22.66544,-109.344,351.071,9.5322,34.5676,26.6863,1.126,43,171020,"bottleID_0043",19.64,4.61,15.04,12.12,30.72,60.39,43.96,22,10.8417409007346,405.469937000812,NA,NA,NA,28.57,15.53,13.32
"9","ETNP 2017 HoHoHoDZ (Nicole)","12/24/16","","1",3,14,325,"2106-12-24T18:51:19",22.66544,-109.344,326.694,10.0045,34.5914,26.6256,1.207,45,171020,"bottleID_0045",20.54,5,15.54,12.77,30.99,60.93,38.55,24,10.6635683025728,361.511258765969,0,NA,NA,27.01,16.55,13.91
"10","ETNP 2017 HoHoHoDZ (Nicole)","12/24/16","","1",3,16,300,"2106-12-24T18:51:19",22.66544,-109.344,302.724,10.5438,34.6403,26.5703,1.041,47,171020,"bottleID_0047",20.46,6.25,14.21,13.35,31.27,61.49,37.49,26,10.4639337617342,358.278261824421,NA,NA,NA,25.9,17.07,14.68
"11","ETNP 2017 HoHoHoDZ (Nicole)","12/24/16","","1",3,18,275,"2106-12-24T18:51:19",22.66544,-109.344,277.321,10.9746,34.6503,26.5016,2.844,49,171020,"bottleID_0049",19.92,6.79,13.14,13.35,30.41,59.78,34.36,28,10.3099393083026,333.270633051447,0,NA,NA,25.34,16.83,14.55
"12","ETNP 2017 HoHoHoDZ (Nicole)","12/24/16","","1",3,20,250,"2106-12-24T18:51:19",22.66544,-109.344,252.355,11.4312,34.6735,26.4364,3.542,51,171020,"bottleID_0051",19.34,7.3,12.04,13.32,30.08,59.11,33.16,30,10.1495505396502,326.713974874623,NA,NA,NA,24.84,16.61,14.18
"13","ETNP 2017 HoHoHoDZ (Nicole)","12/24/16","","1",3,22,200,"2106-12-24T18:51:19",22.66544,-109.344,202.531,12.6284,34.7486,26.2666,12.133,53,171023,"bottleID_0053",17.96,5.51,12.44,11.73,28.54,56.06,40.87,32,9.74494994024187,419.396715741216,NA,NA,NA,24.66,14.46,11.81
"14","ETNP 2017 HoHoHoDZ (Nicole)","12/24/16","","1",3,23,150,"2106-12-24T18:51:19",22.66544,-109.344,151.834,13.3667,34.6577,26.0492,18.476,55,171023,"bottleID_0055",15.64,5.39,10.26,10.52,26.68,52.35,46.97,34,9.51407184379754,493.689776271985,NA,-0.487471055,16.20023556,23.88,13.13,11.08
"15","ETNP 2017 HoHoHoDZ (Nicole)","12/24/16","","1",2,2,140,"2106-12-24T16:24:43",22.66624,-109.348,141.571,14.2159,34.7262,25.9256,29.556,7,171030,"bottleID_0007",14.87,5.13,9.74,10,27.21,53.41,44.15,36,9.24965459262381,477.315120882543,0,NA,NA,23.63,12.619,9.478
"16","ETNP 2017 HoHoHoDZ (Nicole)","12/24/16","","1",2,3,120,"2106-12-24T16:24:43",22.66624,-109.348,120.819,15.0024,34.7014,25.7372,37.992,9,171030,"bottleID_0009",14.09,4.4,9.69,9.25,27.36,53.71,44.92,38,9.01848851400542,498.087899432823,0,NA,NA,22.33,12.257,9.159
"17","ETNP 2017 HoHoHoDZ (Nicole)","12/24/16","","1",2,5,100,"2106-12-24T16:24:43",22.66624,-109.348,100.629,16.697,34.7999,25.4284,58.186,11,171030,"bottleID_0011",13.97,3.42,10.55,8.69,27.6,54.17,40.98,40,8.54162770633194,479.768041981289,0.024,NA,NA,20.03,11.941,7.597
"18","ETNP 2017 HoHoHoDZ (Nicole)","12/24/16","","1",2,6,90,"2106-12-24T16:24:43",22.66624,-109.348,90.084,17.5075,34.7705,25.2128,65.973,13,171030,"bottleID_0013",12.78,3.26,9.53,8.02,27.4,53.78,41.06,42,8.3299966572543,492.917364669556,0.011,NA,NA,18.23,11.675,7.105
"19","ETNP 2017 HoHoHoDZ (Nicole)","12/24/16","","1",2,7,70,"2106-12-24T16:24:43",22.66624,-109.348,70.211,20.7688,34.6852,24.3132,161.923,15,171030,"bottleID_0015",11.66,3.22,8.44,7.44,25.94,50.89,23.11,44,7.55205351217366,306.009484211777,0.311,3.928382332,14.46620865,5.21,11.694,7.408
"20","ETNP 2017 HoHoHoDZ (Nicole)","12/24/16","","1",2,8,60,"2106-12-24T16:24:43",22.66624,-109.348,60.052,19.7367,33.9606,24.035,225.203,17,171024,"bottleID_0017",14.41,0.62,13.79,7.52,24.88,48.78,16.53,46,7.81654903383581,211.474397824998,0.167,4.679678918,14.26247729,0.2,10.664,13.557
"21","ETNP 2017 HoHoHoDZ (Nicole)","12/24/16","","1",2,9,55,"2106-12-24T16:24:43",22.66624,-109.348,55.545,19.9682,33.9457,23.9634,228.16,19,171024,"bottleID_0019",14.8,-0.16,14.96,7.32,24.75,48.51,15.2,48,7.76324601198831,195.794387766761,0.048,NA,NA,0,NA,NA
"22","ETNP 2017 HoHoHoDZ (Nicole)","12/24/16","","1",2,10,50,"2106-12-24T16:24:43",22.66624,-109.348,50.449,20.8474,33.8843,23.6834,230.509,21,171024,"bottleID_0021",14.91,0,14.91,7.45,24.31,47.65,13.06,50,7.56595751067217,172.615296630707,0,NA,NA,0,NA,NA
"23","ETNP 2017 HoHoHoDZ (Nicole)","12/24/16","","1",2,12,40,"2106-12-24T16:24:43",22.66624,-109.348,40.341,22.6911,34.1885,23.4043,218.365,23,171030,"bottleID_0023",15.47,-0.37,15.83,7.55,23.77,46.59,10.82,52,7.16046759088568,151.107450214179,0.024,NA,NA,0,NA,NA
"24","ETNP 2017 HoHoHoDZ (Nicole)","12/24/16","","1",2,13,20,"2106-12-24T16:24:43",22.66624,-109.348,20.28,23.7718,34.4453,23.2875,212.052,25,171024,"bottleID_0025",16.35,-1.73,18.08,7.31,23.83,46.69,9.62,54,6.93513731951046,138.713907984724,0,NA,NA,0,NA,NA
"25","ETNP 2017 HoHoHoDZ (Nicole)","12/24/16","","1",2,14,0,"2106-12-24T16:24:43",22.66624,-109.348,3.143,23.7868,34.3864,23.2395,212.248,27,171024,"bottleID_0027",17.2,-1.9,19.1,7.65,23.71,46.47,9.18,56,6.93429499208509,132.38548418373,0.024,NA,NA,NA,NA,NA
"26","ETNP 2017 HoHoHoDZ (Nicole)","12/24/16","","2",4,2,1000,"2106-12-25T00:56:14",21.99352,-109.095,1009.859,4.434,34.5242,27.3467,8.693,57,171023,"bottleID_0057",18.43,-1.01,19.43,8.71,29.46,57.88,63.2,58,13.0487135395,484.338933556065,0,NA,NA,44.35,7.5,3.72
"27","ETNP 2017 HoHoHoDZ (Nicole)","12/24/16","","2",4,3,850,"2106-12-25T00:56:14",21.99352,-109.095,856.878,5.0812,34.4957,27.2518,4.966,59,171023,"bottleID_0059",17.73,-0.97,18.7,8.38,29.63,58.22,69.67,60,12.7378278183406,546.953538653471,0,NA,NA,42.85,8.02,4.6
"28","ETNP 2017 HoHoHoDZ (Nicole)","12/24/16","","2",4,4,650,"2106-12-25T00:56:14",21.99352,-109.095,656.276,6.2484,34.4914,27.1051,1.22,61,170928,"bottleID_0061",16.16,0.24,15.92,8.2,30.32,59.6,66.2,62,12.1995830237591,542.641497427194,0,NA,NA,39.4,9.6,6.98
"29","ETNP 2017 HoHoHoDZ (Nicole)","12/24/16","","2",4,5,500,"2106-12-25T00:56:14",21.99352,-109.095,502.317,7.6717,34.4898,26.908,1.59,63,170928,"bottleID_0063",17.31,2.82,14.49,10.06,30.63,60.22,58.75,64,11.5853518624003,507.105875572674,0.07,NA,NA,34.72,11.88,9.27
"30","ETNP 2017 HoHoHoDZ (Nicole)","12/24/16","","2",4,6,400,"2106-12-25T00:56:14",21.99352,-109.095,404.329,9.1482,34.552,26.73,1.516,65,170928,"bottleID_0065",19.72,4.46,15.27,12.09,31.45,61.84,42.06,66,10.9895174260428,382.728361668791,0.07,NA,NA,29.48,15.24,12.71
"31","ETNP 2017 HoHoHoDZ (Nicole)","12/24/16","","2",4,7,350,"2106-12-25T00:56:14",21.99352,-109.095,353.814,9.9284,34.5948,26.6343,1.17,67,170928,"bottleID_0067",21.42,5.29,16.13,13.36,32.18,63.3,32.76,68,10.6915612845633,306.40987904451,0.046,NA,NA,27,16.88,14.68
"32","ETNP 2017 HoHoHoDZ (Nicole)","12/24/16","","2",4,8,300,"2106-12-25T00:56:14",21.99352,-109.095,302.135,10.806,34.6496,26.5245,1.133,69,170928,"bottleID_0069",21.48,7.34,14.14,14.41,31.79,62.52,28.57,70,10.3696323844779,275.516035098466,0.07,NA,NA,25.09,18.05,15.74
"33","ETNP 2017 HoHoHoDZ (Nicole)","12/24/16","","2",4,11,260,"2106-12-25T00:56:14",21.99352,-109.095,260.368,11.6603,34.7223,26.425,0.211,71,170928,"bottleID_0071",27.7,2.83,24.87,15.27,36.97,72.88,14.9,72,10.0683648908449,147.988279740919,0.234,-20.76610777,17.05940908,23.38,18.66,17.06
"34","ETNP 2017 HoHoHoDZ (Nicole)","12/24/16","","2",4,12,200,"2106-12-25T00:56:14",21.99352,-109.095,199.44,12.5209,34.658,26.2107,12.537,73,170928,"bottleID_0073",16.17,6.08,10.09,11.13,26.57,52.14,39.88,74,9.78480834330282,407.570578807461,0,NA,NA,24.74,14.04,11.96
"35","ETNP 2017 HoHoHoDZ (Nicole)","12/24/16","","2",4,13,175,"2106-12-25T00:56:14",21.99352,-109.095,173.717,13.1499,34.6735,26.0982,16.166,75,171017,"bottleID_0075",15.61,4.83,10.78,10.22,25.96,50.92,43.18,76,9.58159847242231,450.655494741095,0.022,NA,NA,24.33,13.47,11.31
"36","ETNP 2017 HoHoHoDZ (Nicole)","12/24/16","","2",4,14,160,"2106-12-25T00:56:14",21.99352,-109.095,160.737,13.4864,34.6587,26.0185,23.371,77,171017,"bottleID_0077",15.54,3.93,11.61,9.73,25.9,50.8,43.82,78,9.47658614617256,462.402803331221,0,NA,NA,23.83,13.02,10.49
"37","ETNP 2017 HoHoHoDZ (Nicole)","12/24/16","","2",4,15,140,"2106-12-25T00:56:14",21.99352,-109.095,140.226,13.3385,34.3434,25.8186,57.108,79,171017,"bottleID_0079",14.42,2.94,11.48,8.68,25.16,49.34,42.8,80,9.53922251590619,448.673882264861,0,NA,NA,21.91,11.57,8.21
"38","ETNP 2017 HoHoHoDZ (Nicole)","12/24/16","","2",4,16,120,"2106-12-25T00:56:14",21.99352,-109.095,121.251,13.1279,33.6489,25.3102,150.607,81,170926,"bottleID_0081",16.63,-3.07,19.71,6.78,22.74,44.54,25.64,82,9.64226049231143,265.912749613484,0,NA,NA,12.81,9.92,5.38
"39","ETNP 2017 HoHoHoDZ (Nicole)","12/24/16","","2",4,17,90,"2106-12-25T00:56:14",21.99352,-109.095,88.27,16.0136,33.5341,24.6071,222.805,83,170926,"bottleID_0083",15.69,-1.28,16.97,7.2,23.14,45.33,13.25,84,8.7867407803708,150.795389680778,0.046,NA,NA,0.09,NA,NA
"40","ETNP 2017 HoHoHoDZ (Nicole)","12/24/16","","2",4,18,65,"2106-12-25T00:56:14",21.99352,-109.095,65.339,18.0103,33.5766,24.1697,242.709,85,170926,"bottleID_0085",15.77,-1.42,17.2,7.18,23.2,45.45,11.14,86,8.25365581336851,134.970493704819,0,NA,NA,0,NA,NA
"41","ETNP 2017 HoHoHoDZ (Nicole)","12/24/16","","2",4,19,60,"2106-12-25T00:56:14",21.99352,-109.095,60.265,19.9823,33.8614,23.8896,223.41,87,170926,"bottleID_0087",12.32,1.59,10.73,6.95,24.34,47.71,17.49,88,7.76339095235408,225.288151882864,0.07,0.786281536,13.52650212,0,NA,NA
"42","ETNP 2017 HoHoHoDZ (Nicole)","12/25/16","","3",5,1,1500,"2106-12-25T09:02:49",20.99424,-108.748,1515.918,2.8968,34.5903,27.5574,42.682,89,180619,"HoHoHo_89",19.83,-2.8,22.63,8.52,30.96,54.91,45.47,90,13.8309791673405,328.754742884507,0.129,NA,NA,43.99,6.65,2.89
"43","ETNP 2017 HoHoHoDZ (Nicole)","12/25/16","","3",5,2,1250,"2106-12-25T09:02:49",20.99424,-108.748,1262.337,3.5188,34.5605,27.4758,24.035,91,180619,"HoHoHo_91",19.57,-3.46,23.03,8.06,31.07,55.13,51.71,92,13.5070302182033,382.837671676419,0.061,NA,NA,44.05,7.01,3.13
"44","ETNP 2017 HoHoHoDZ (Nicole)","12/25/16","","3",5,3,1000,"2106-12-25T09:02:49",20.99424,-108.748,1009.026,4.4589,34.5231,27.3491,7.621,93,180619,"HoHoHo_93",17.85,-3.44,21.28,7.21,31.1,55.2,62.59,94,13.0365577009475,480.111402379256,0.073,NA,NA,43.84,7.43,3.46
"45","ETNP 2017 HoHoHoDZ (Nicole)","12/25/16","","3",5,4,850,"2106-12-25T09:02:49",20.99424,-108.748,857.031,5.0253,34.5033,27.2703,3.731,95,180619,"HoHoHo_95",16.83,-3.22,20.05,6.8,31.12,55.22,68.76,96,12.7638881210619,538.707322939771,0,NA,NA,42.97,7.92,4.45
"46","ETNP 2017 HoHoHoDZ (Nicole)","12/25/16","","3",5,6,600,"2106-12-25T09:02:49",20.99424,-108.748,604.83,6.8222,34.4867,27.031,0.758,97,180619,"HoHoHo_97",17.07,-1.28,18.36,7.89,32.18,57.34,62.03,98,11.946829922314,519.217235060337,0.097,NA,NA,37.22,10.4,8.03
"47","ETNP 2017 HoHoHoDZ (Nicole)","12/25/16","","3",5,7,500,"2106-12-25T09:02:49",20.99424,-108.748,505.189,7.9539,34.4984,26.879,1.257,99,180619,"HoHoHo_99",17.29,1.16,16.12,9.22,32.19,57.37,57.13,100,11.4682027250996,498.160011376182,0,NA,NA,33.42,12.43,9.55
"48","ETNP 2017 HoHoHoDZ (Nicole)","12/25/16","","3",5,9,400,"2106-12-25T09:02:49",20.99424,-108.748,403.557,8.4968,34.472,26.7772,4.382,101,180619,"HoHoHo_101",18.79,1.1,17.69,9.95,31.89,56.78,50.11,102,11.2502273490345,445.413220954158,0.121,NA,NA,31.69,12.89,9.77
"49","ETNP 2017 HoHoHoDZ (Nicole)","12/25/16","","3",5,11,350,"2106-12-25T09:02:49",20.99424,-108.748,352.463,9.8287,34.5952,26.658,0.536,103,180620,"HoHoHo_103",21.58,2.61,18.97,12.1,34.08,61.15,37.69,104,10.7286380410643,351.302745565093,0.051,NA,NA,27.72,16.86,13.8
"50","ETNP 2017 HoHoHoDZ (Nicole)","12/25/16","","3",5,12,300,"2106-12-25T09:02:49",20.99424,-108.748,303.072,10.6507,34.6431,26.5536,0.675,105,180619,"HoHoHo_105",22.92,3.8,19.12,13.36,34.74,62.47,27.12,106,10.4253960461371,260.134002391676,0.049,NA,NA,25.48,18.33,15.25
"51","ETNP 2017 HoHoHoDZ (Nicole)","12/25/16","","3",5,14,275,"2106-12-25T09:02:49",20.99424,-108.748,276.778,11.1139,34.6685,26.4905,0.86,107,180619,"HoHoHo_107",24.14,3.96,20.18,14.05,35.55,64.09,23.09,108,10.259992888998,225.048888920379,0,NA,NA,24.63,18.29,16.02
"52","ETNP 2017 HoHoHoDZ (Nicole)","12/25/16","","3",5,15,250,"2106-12-25T09:02:49",20.99424,-108.748,251.411,11.7177,34.7187,26.418,0.086,109,180620,"HoHoHo_109",24.41,3.57,20.84,13.99,36.31,65.61,21.95,110,10.0490449747056,218.428716910414,0.049,NA,NA,23.88,18.16,16.05
"53","ETNP 2017 HoHoHoDZ (Nicole)","12/25/16","","3",5,17,225,"2106-12-25T09:02:49",20.99424,-108.748,227.695,12.0851,34.7308,26.358,0.659,111,180620,"HoHoHo_111",22.42,3.57,18.85,12.99,34.58,62.14,24.05,112,9.92473391372412,242.323876983172,0.001,NA,NA,23.99,16.91,14.91
"54","ETNP 2017 HoHoHoDZ (Nicole)","12/25/16","","3",5,19,170,"2106-12-25T09:02:49",20.99424,-108.748,170.889,13.0088,34.6974,26.152,11.116,113,180620,"HoHoHo_113",16.22,3.72,12.5,9.97,29.26,51.53,40.26,114,9.6252091973186,418.276623132676,0,NA,NA,24.37,14.03,11.77
"55","ETNP 2017 HoHoHoDZ (Nicole)","12/25/16","","3",5,20,100,"2106-12-25T09:02:49",20.99424,-108.748,100.383,17.3718,34.411,24.9695,90.948,115,180620,"HoHoHo_115",11.4,0.79,10.61,6.09,28.36,49.73,42.86,116,8.38104224033264,511.392244197768,0.193,1.725,13.941,14.88,11.72,7.48
"56","ETNP 2017 HoHoHoDZ (Nicole)","12/25/16","","3",5,21,75,"2106-12-25T09:02:49",20.99424,-108.748,75.191,20.0425,34.128,24.0819,196.954,117,180619,"HoHoHo_117",13.26,-1.22,14.48,6.02,26.82,46.67,19.79,118,7.73870855646588,255.727423453167,0.264,2.851,10.86625356,1.79,10.98,9.21
"57","ETNP 2017 HoHoHoDZ (Nicole)","12/25/16","","3",5,22,70,"2106-12-25T09:02:49",20.99424,-108.748,70.474,24.0752,35.0363,23.6421,190.498,119,180620,"HoHoHo_119",13.62,-0.84,14.46,6.39,26.48,46,13.76,120,6.85566617087769,200.709889557507,0.575,6.816,8.915107563,0.24,9.98,18.24
"58","ETNP 2017 HoHoHoDZ (Nicole)","12/25/16","","3",5,23,65,"2106-12-25T09:02:49",20.99424,-108.748,65.472,24.3776,35.1254,23.6196,191.732,121,180620,"HoHoHo_121",14.32,-1.85,16.16,6.24,26.27,45.58,12.04,122,6.79494995383863,177.190414672566,0.743,7.015,8.819941375,0,NA,NA
"59","ETNP 2017 HoHoHoDZ (Nicole)","12/25/16","","4",6,1,1000,"2106-12-25T17:21:38",19.99248,-108.364,1008.602,4.5133,34.5319,27.35,5.897,123,171031,"bottleID_0123",18.22,-0.91,19.13,8.66,30.02,59,64.54,124,13.0092076974093,496.110151372651,0,NA,NA,45.52,7.34,3.4
"60","ETNP 2017 HoHoHoDZ (Nicole)","12/25/16","","4",6,2,850,"2106-12-25T17:21:38",19.99248,-108.364,857.146,5.1129,34.5138,27.2683,2.047,125,180614,"bottleID_0125",16.99,-4.28,21.26,6.35,31.42,55.84,68.99,126,12.7214325168247,542.313138939011,0,NA,NA,44.25,7.87,4.4
"61","ETNP 2017 HoHoHoDZ (Nicole)","12/25/16","","4",6,3,600,"2106-12-25T17:21:38",19.99248,-108.364,604.067,6.9259,34.527,27.0484,0.023,127,180614,"bottleID_0127",22.24,-3.98,26.23,9.13,37.65,68.3,37.97,128,11.8991463578246,319.098520668516,0,NA,NA,37.19,11.27,9.71
"62","ETNP 2017 HoHoHoDZ (Nicole)","12/25/16","","4",6,4,500,"2106-12-25T17:21:38",19.99248,-108.364,504.456,7.9117,34.5332,26.9127,0.034,129,171031,"bottleID_0129",21.31,2.65,18.66,11.98,34.52,67.99,38.99,130,11.483267586662,339.537502768703,0,NA,NA,33.54,13.39,11.36
"63","ETNP 2017 HoHoHoDZ (Nicole)","12/25/16","","4",6,5,400,"2106-12-25T17:21:38",19.99248,-108.364,401.753,9.4699,34.6102,26.729,-0.013,131,171031,"bottleID_0131",34.55,2.72,31.82,18.63,43.49,86,14.82,132,10.8627791751671,136.429174901018,0.081,NA,NA,27.54,18.28,15.73
"64","ETNP 2017 HoHoHoDZ (Nicole)","12/25/16","","4",6,6,350,"2106-12-25T17:21:38",19.99248,-108.364,352.446,10.0793,34.6372,26.648,-0.014,133,171031,"bottleID_0133",31.11,3.5,27.61,17.31,40.54,80.05,13.35,134,10.6332448364948,125.549634239409,0.129,NA,NA,25.96,19.88,17.42
"65","ETNP 2017 HoHoHoDZ (Nicole)","12/25/16","","4",6,7,300,"2106-12-25T17:21:38",19.99248,-108.364,302.151,10.8635,34.698,26.5583,-0.025,135,180614,"bottleID_0135",37.77,-13.13,50.91,12.32,49.66,92.53,3.88,136,10.3464585520238,37.500754296658,1.373,-11.131,15.898,22.33,24.84,20.31
"66","ETNP 2017 HoHoHoDZ (Nicole)","12/25/16","","4",6,8,250,"2106-12-25T17:21:38",19.99248,-108.364,251.677,11.7092,34.7445,26.4396,-0.012,137,180615,"HoHoHo_137",36.75,-9.52,46.27,13.62,48.04,95.2,4.09,138,10.0505046074858,40.6944741555932,1.804,-14.498,15.537,22.37,13.29,12.06
"67","ETNP 2017 HoHoHoDZ (Nicole)","12/25/16","","4",6,9,200,"2106-12-25T17:21:38",19.99248,-108.364,200.711,12.1534,34.7489,26.3596,0.001,139,180614,"bottleID_0139",32.67,-1.59,34.26,15.54,43.86,80.79,8.81,140,9.90100837040823,88.9808357937663,0.799,-22.323,15.024,23.34,19.09,17.56
"68","ETNP 2017 HoHoHoDZ (Nicole)","12/25/16","","4",6,10,185,"2106-12-25T17:21:38",19.99248,-108.364,187.282,12.3367,34.7662,26.3379,-0.013,141,180615,"HoHoHo_141",36.32,-4.85,41.17,15.74,47.66,94.44,4.16,142,9.83942055078003,42.278912447443,1.756,-20.548,15.161,22.37,20.24,18.29
"69","ETNP 2017 HoHoHoDZ (Nicole)","12/25/16","","4",6,11,175,"2106-12-25T17:21:38",19.99248,-108.364,176.195,12.5136,34.7728,26.3087,-0.038,143,180614,"bottleID_0143",37.46,-9.42,46.88,14.02,49.87,92.96,3.35,144,9.78104633533207,34.2499144278542,1.732,-21.661,15.142,22.27,19.66,18.18
"70","ETNP 2017 HoHoHoDZ (Nicole)","12/25/16","","4",6,12,165,"2106-12-25T17:21:38",19.99248,-108.364,165.405,12.8458,34.772,26.2426,-0.023,145,171031,"bottleID_0145",39.73,-7.28,47,16.23,49,97.15,4.37,146,9.67347039462111,45.1751007831679,1.182,-24.15,14.836,22.69,18.05,17.52
"71","ETNP 2017 HoHoHoDZ (Nicole)","12/25/16","","4",6,13,150,"2106-12-25T17:21:38",19.99248,-108.364,150.994,13.168,34.7587,26.1679,0.066,147,180614,"bottleID_0147",25.83,-0.17,26,12.83,39.92,72.85,16.46,148,9.57142161497169,171.970274240695,0.177,-27.375,16.318,23.61,14.71,14.82
"72","ETNP 2017 HoHoHoDZ (Nicole)","12/25/16","","4",6,14,135,"2106-12-25T17:21:38",19.99248,-108.364,135.686,13.7024,34.6158,25.9482,12.391,149,180614,"bottleID_0149",15.5,1.81,13.68,8.65,29.02,51.04,45.88,150,9.41176918622293,487.474767944371,0.057,NA,NA,24.1,22.37,18.54
"73","ETNP 2017 HoHoHoDZ (Nicole)","12/25/16","","4",6,15,120,"2106-12-25T17:21:38",19.99248,-108.364,120.384,14.5958,34.526,25.6904,26.305,151,180615,"HoHoHo_151",15.16,4.36,10.8,9.76,28.48,55.93,53.56,152,9.14620282137908,585.598209945711,0.081,NA,NA,22.95,11.82,9.75
"74","ETNP 2017 HoHoHoDZ (Nicole)","12/25/16","","4",6,16,100,"2106-12-25T17:21:38",19.99248,-108.364,100.112,15.6448,34.2669,25.2605,69.263,153,180615,"HoHoHo_153",13.83,3.83,10,8.83,27.82,54.61,53,154,8.85556426412785,598.493765266801,0.081,NA,NA,18.39,10.85,8.41
"75","ETNP 2017 HoHoHoDZ (Nicole)","12/25/16","","4",6,17,75,"2106-12-25T17:21:38",19.99248,-108.364,75.861,19.9913,34.2738,24.2065,161.317,155,180614,"bottleID_0155",13.17,-1.81,14.99,5.68,27.71,48.44,29.81,156,7.74464282196572,384.911230708426,0.272,0.119,11.916,3.89,13.77,13.06
"76","ETNP 2017 HoHoHoDZ (Nicole)","12/25/16","","4",6,18,70,"2106-12-25T17:21:38",19.99248,-108.364,70.412,20.4071,34.1317,23.9885,199.059,157,180615,"HoHoHo_157",14.61,1.66,12.95,8.14,27.11,53.2,22.16,158,7.65516339754466,289.477818423937,0.105,-0.062,14.352,1.08,13.08,20.09
"77","ETNP 2017 HoHoHoDZ (Nicole)","12/25/16","","4",6,19,65,"2106-12-25T17:21:38",19.99248,-108.364,65.466,20.3846,34.1012,23.9715,204.547,159,180615,"HoHoHo_159",14.9,1.7,13.19,8.3,27.04,53.07,20.96,160,7.66148528915604,273.57619585417,0.105,-0.423,14.271,0.9,19.69,22.2
"78","ETNP 2017 HoHoHoDZ (Nicole)","12/25/16","","4",6,20,40,"2106-12-25T17:21:38",19.99248,-108.364,40.253,26.2346,34.6023,22.6573,202.224,161,180615,"HoHoHo_161",17.18,0.11,17.07,8.64,25.52,50.05,9.25,162,6.47423471098816,142.874029332004,0.057,NA,NA,0.48,5.42,20.76
"79","ETNP 2017 HoHoHoDZ (Nicole)","12/25/16","","5",7,1,1500,"2106-12-26T01:42:15",19.00022,-108.009,1514.045,2.9709,34.5891,27.5497,42.608,163,180827,"HoHoHo_163",19.51,-2.26,21.76,8.62,30.98,55.51,43.81,164,13.7916329848312,317.656364900261,0,NA,NA,45.46,6.18,2.4
"80","ETNP 2017 HoHoHoDZ (Nicole)","12/25/16","","5",7,2,1250,"2106-12-26T01:42:15",19.00022,-108.009,1260.856,3.5902,34.5634,27.4709,23.846,165,180827,"HoHoHo_165",18.95,-2.93,21.89,8.01,30.93,55.41,51.89,166,13.4700221190178,385.225796524405,0,NA,NA,45.95,6.53,2.86
"81","ETNP 2017 HoHoHoDZ (Nicole)","12/25/16","","5",7,3,1000,"2106-12-26T01:42:15",19.00022,-108.009,1009.845,4.4281,34.5301,27.358,7.291,167,180827,"HoHoHo_167",17.22,-3.01,20.23,7.11,31.01,55.57,61.97,168,13.0511678022244,474.82340997438,0.091,NA,NA,46.07,7.2,3.69
"82","ETNP 2017 HoHoHoDZ (Nicole)","12/25/16","","5",7,4,850,"2106-12-26T01:42:15",19.00022,-108.009,857.595,5.0832,34.5199,27.2766,1.631,169,180827,"HoHoHo_169",16.56,-3.87,20.43,6.35,31.62,56.79,69.64,170,12.7350924241566,546.835450270492,0.003,NA,NA,44.89,7.84,4.35
"83","ETNP 2017 HoHoHoDZ (Nicole)","12/25/16","","5",7,5,600,"2106-12-26T01:42:15",19.00022,-108.009,604.366,6.8292,34.5178,27.0545,0.053,171,180827,"HoHoHo_171",20.58,-2.88,23.46,8.85,36.08,65.7,45.33,172,11.9416675751099,379.595225833297,0,NA,NA,38.36,10.82,9.05
"84","ETNP 2017 HoHoHoDZ (Nicole)","12/25/16","","5",7,6,500,"2106-12-26T01:42:15",19.00022,-108.009,504.291,7.9041,34.5404,26.9195,0.082,173,180827,"HoHoHo_173",23.25,-0.94,24.19,11.15,37.7,68.95,35.88,174,11.485923136853,312.382379478736,0,NA,NA,33.75,13.42,11.75
"85","ETNP 2017 HoHoHoDZ (Nicole)","12/25/16","","5",7,7,400,"2106-12-26T01:42:15",19.00022,-108.009,403.479,9.3,34.5837,26.7363,0.05,175,180827,"HoHoHo_175",22.67,1.22,21.46,11.95,35.63,64.8,30.31,176,10.9291947869689,277.330586477782,0,NA,NA,29.41,16.68,14.05
"86","ETNP 2017 HoHoHoDZ (Nicole)","12/25/16","","5",7,8,350,"2106-12-26T01:42:15",19.00022,-108.009,352.851,10.0611,34.633,26.6478,-0.045,177,180827,"HoHoHo_177",32.92,-0.47,33.39,16.22,44.29,82.21,10.32,178,10.6402003040282,96.9906552989704,0.379,-22.681,15.271,26.3,20.23,17.67
"87","ETNP 2017 HoHoHoDZ (Nicole)","12/25/16","","5",7,10,300,"2106-12-26T01:42:15",19.00022,-108.009,302.729,10.6913,34.6747,26.571,-0.034,179,180827,"HoHoHo_179",38.09,-11.57,49.65,13.26,48.49,90.7,4.47,180,10.40905025263,42.9433991719905,1.361,-11.977,16.447,24,24.47,19.9
"88","ETNP 2017 HoHoHoDZ (Nicole)","12/25/16","","5",7,11,250,"2106-12-26T01:42:15",19.00022,-108.009,252.049,11.3631,34.7202,26.4854,-0.027,181,180827,"HoHoHo_181",35.32,-9.02,44.34,13.15,48.05,89.81,4.27,182,10.1704276143814,41.9844687155735,1.472,-11.006,16.35,22.24,24.42,20.79
"89","ETNP 2017 HoHoHoDZ (Nicole)","12/25/16","","5",7,12,200,"2106-12-26T01:42:15",19.00022,-108.009,201.871,11.9928,34.7476,26.3894,-0.051,183,180730,"HoHoHo_183",41,-2.95,43.95,19.03,53.37,100.62,6.01,184,9.95466911928863,60.3736792050149,1.126,-19.952,15.826,23.19,20.48,18.66
"90","ETNP 2017 HoHoHoDZ (Nicole)","12/25/16","","5",7,13,180,"2106-12-26T01:42:15",19.00022,-108.009,181.385,12.3503,34.7516,26.324,-0.076,185,180730,"HoHoHo_185",36.04,0.55,35.49,18.29,48.75,91.23,10.06,186,9.83572904453059,102.280166060432,0.559,-26.276,13.663,23.99,17.73,17.55
"91","ETNP 2017 HoHoHoDZ (Nicole)","12/25/16","","5",7,15,162,"2106-12-26T01:42:15",19.00022,-108.009,162.977,12.746,34.7355,26.2342,0.471,187,180826,"HoHoHo_187",19.04,4.04,15,11.54,31.65,56.85,30.1,188,9.70755568404017,310.067755258786,0,NA,NA,24,15.22,15.96
"92","ETNP 2017 HoHoHoDZ (Nicole)","12/25/16","","5",7,16,150,"2106-12-26T01:42:15",19.00022,-108.009,151.041,12.9447,34.7169,26.1805,3.033,189,180730,"HoHoHo_189_rerun",17.65,3.53,14.13,10.59,29.51,52.59,10.54,190,9.64466259909308,109.283242329194,0.003,NA,NA,24.71,14.62,14.44
"93","ETNP 2017 HoHoHoDZ (Nicole)","12/25/16","","5",7,17,135,"2106-12-26T01:42:15",19.00022,-108.009,136.037,13.2813,34.646,26.0581,10.719,191,180730,"HoHoHo_191_rerun",14.07,4.52,9.54,9.3,28.26,50.09,44.35,192,9.54151888255948,464.810692572913,0,NA,NA,24.39,13.66,13.06
"94","ETNP 2017 HoHoHoDZ (Nicole)","12/25/16","","5",7,18,120,"2106-12-26T01:42:15",19.00022,-108.009,119.523,13.7818,34.5801,25.9046,18.324,193,180730,"HoHoHo_193",13.56,2.72,10.84,8.14,28.11,49.8,50.43,194,9.38912254796735,537.110893402042,0.017,NA,NA,24.24,12.83,11.85
"95","ETNP 2017 HoHoHoDZ (Nicole)","12/25/16","","5",7,19,100,"2106-12-26T01:42:15",19.00022,-108.009,100.66,15.0178,34.4752,25.5601,31.494,195,180826,"HoHoHo_195",12.56,0.68,11.87,6.62,28.53,50.63,56.88,196,9.02499842271264,630.249417627085,0,NA,NA,22.57,11.98,10.72
"96","ETNP 2017 HoHoHoDZ (Nicole)","12/25/16","","5",7,20,70,"2106-12-26T01:42:15",19.00022,-108.009,70.348,17.9827,34.1385,24.6136,150.198,197,180731,"HoHoHo_197",10.39,0.83,9.56,5.61,27.41,48.41,30.63,198,8.23621256381288,371.894238555447,0.273,0.795,11.676,6.25,12.12,10.5
"97","ETNP 2017 HoHoHoDZ (Nicole)","12/25/16","","5",7,21,65,"2106-12-26T01:42:15",19.00022,-108.009,65.001,19.2158,34.1399,24.3059,181.632,199,180826,"HoHoHo_199",12.41,-1.01,13.42,5.7,27.54,48.66,25.44,200,7.93247902274742,320.70680460733,0.387,2.27,11.478,2.26,15.76,16.24
"98","ETNP 2017 HoHoHoDZ (Nicole)","12/25/16","","5",7,22,60,"2106-12-26T01:42:15",19.00022,-108.009,60.262,20.5463,34.338,24.1091,161.449,201,180731,"HoHoHo_201",10.57,0.6,9.97,5.58,27.61,48.81,29.4,202,7.61551722364909,386.053883624631,0.436,2.662,10.99,NA,NA,NA
"99","ETNP 2017 HoHoHoDZ (Nicole)","12/25/16","","5",7,23,40,"2106-12-26T01:42:15",19.00022,-108.009,40.465,27.026,34.6099,22.4127,199.132,203,180731,"HoHoHo_203",13.77,-0.9,14.67,6.44,25.75,45.1,9.74,204,6.33757467745361,153.68655196523,0,NA,NA,NA,NA,NA
"100","ETNP 2017 HoHoHoDZ (Nicole)","12/25/16","","5",7,24,0,"2106-12-26T01:42:15",19.00022,-108.009,2.419,27.0811,34.6193,22.405,199.037,205,180731,"HoHoHo_205",14.5,-2.04,16.54,6.23,25.56,44.72,8.64,206,6.32794808605587,136.537150471239,0,NA,NA,NA,NA,NA
"101","ETNP 2017 HoHoHoDZ (Nicole)","12/26/16","","6",8,1,1000,"2106-12-26T10:17:11",17.9996,-107.659,1007.382,4.4285,34.5458,27.3705,7.38,207,180620,"HoHoHo_207",18.67,-4.53,23.2,7.07,31.28,55.54,64.65,208,13.0497785542586,495.410705485898,0,NA,NA,46.87,NA,NA
"102","ETNP 2017 HoHoHoDZ (Nicole)","12/26/16","","6",8,2,850,"2106-12-26T10:17:11",17.9996,-107.659,857.223,5.1457,34.531,27.278,1.128,209,180826,"HoHoHo_209",17.79,-5.37,23.16,6.21,32.26,58.07,67.91,210,12.704611026537,534.530335939852,0,NA,NA,45.47,NA,NA
"103","ETNP 2017 HoHoHoDZ (Nicole)","12/26/16","","6",8,3,650,"2106-12-26T10:17:11",17.9996,-107.659,654.69,6.5179,34.5304,27.1062,0.066,211,180620,"HoHoHo_211",24.04,-7.17,31.2,8.43,38.84,70.68,41.32,212,12.0770930631161,342.135311734847,0,NA,NA,39.55,NA,NA
"104","ETNP 2017 HoHoHoDZ (Nicole)","12/26/16","","6",8,4,500,"2106-12-26T10:17:11",17.9996,-107.659,503.597,7.7495,34.5481,26.9485,-0.045,213,180620,"HoHoHo_213",27.65,-3.16,30.82,12.25,40.83,74.68,27.79,214,11.5492238182756,240.622230872562,0,NA,NA,34.55,NA,NA
"105","ETNP 2017 HoHoHoDZ (Nicole)","12/26/16","","6",8,5,400,"2106-12-26T10:17:11",17.9996,-107.659,402.991,9.0757,34.598,26.7841,-0.061,215,180731,"HoHoHo_215",36.55,0.75,35.8,18.65,48.38,90.49,13.85,216,11.0147135552564,125.74090039219,0.239,-28.844,13.87,29.39,17.59,16
"106","ETNP 2017 HoHoHoDZ (Nicole)","12/26/16","","6",8,6,350,"2106-12-26T10:17:11",17.9996,-107.659,352.527,9.7701,34.6312,26.6961,-0.052,217,180826,"HoHoHo_217",41.8,-1.21,43,20.3,51.4,96.61,8.78,218,10.7483698896624,81.6868054424182,0.469,-24.605,15.119,27.13,19.85,17.78
"107","ETNP 2017 HoHoHoDZ (Nicole)","12/26/16","","6",8,7,300,"2106-12-26T10:17:11",17.9996,-107.659,303.059,10.6533,34.6798,26.5817,0.035,219,180731,"HoHoHo_219",38.92,-4.56,43.48,17.18,51.35,96.51,4.79,220,10.4223433217302,45.9589542594806,1.118,-14.607,15.785,24.23,22.39,19.01
"108","ETNP 2017 HoHoHoDZ (Nicole)","12/26/16","","6",8,8,250,"2106-12-26T10:17:11",17.9996,-107.659,251.301,11.4577,34.7211,26.4686,-0.033,221,180826,"HoHoHo_221",40.95,-1.73,42.68,19.61,52.46,98.76,6.19,222,10.1377662998171,61.0588152945653,1.255,-16.556,15.636,23.44,21.11,18.42
"109","ETNP 2017 HoHoHoDZ (Nicole)","12/26/16","","6",8,9,200,"2106-12-26T10:17:11",17.9996,-107.659,202.858,12.2993,34.7632,26.3424,-0.036,223,180826,"HoHoHo_223",39.23,-6.8,46.03,16.22,50.09,93.95,4.92,224,9.85191317897241,49.9395387537629,1.693,-19.812,15.443,23,19.25,17.56
"110","ETNP 2017 HoHoHoDZ (Nicole)","12/26/16","","6",8,10,180,"2106-12-26T10:17:11",17.9996,-107.659,181.303,12.7881,34.7652,26.2484,-0.019,225,180826,"HoHoHo_225",29.4,-2.03,31.43,13.69,42.14,77.87,10.66,226,9.69239889681674,109.983092044437,1.118,-22.84,15.288,23.27,17.01,16.68
"111","ETNP 2017 HoHoHoDZ (Nicole)","12/26/16","","6",8,11,160,"2106-12-26T10:17:11",17.9996,-107.659,160.815,13.3382,34.758,26.1325,0.194,227,180731,"HoHoHo_227",20.39,1.15,19.24,10.77,35.07,63.67,21.3,228,9.51782057450601,223.790728489389,0.124,-27.186,15.92,24.37,14.21,14.98
"112","ETNP 2017 HoHoHoDZ (Nicole)","12/26/16","","6",8,12,130,"2106-12-26T10:17:11",17.9996,-107.659,131.4,14.2985,34.7602,25.9345,-0.025,229,180826,"HoHoHo_229",21.21,-9.54,30.75,5.84,39.41,72.38,25.52,230,9.22314517760175,276.695200049273,0.346,-25.105,15.745,24.15,12.99,14.33
"113","ETNP 2017 HoHoHoDZ (Nicole)","12/26/16","","6",8,13,120,"2106-12-26T10:17:11",17.9996,-107.659,120.586,15.0668,34.7049,25.7257,2.297,231,180731,"HoHoHo_231",14.52,-4.8,19.32,4.86,33.59,60.72,56.61,232,8.99967036295374,629.023038810727,0,NA,NA,25,NA,NA
"114","ETNP 2017 HoHoHoDZ (Nicole)","12/26/16","","6",8,14,100,"2106-12-26T10:17:11",17.9996,-107.659,100.384,16.115,34.5967,25.4074,16.853,233,180731,"HoHoHo_233",11.8,-1.07,12.87,5.37,30.38,54.31,65.01,234,8.70899688943337,746.469436438503,0,NA,NA,23.52,NA,NA
"115","ETNP 2017 HoHoHoDZ (Nicole)","12/26/16","","6",8,15,67,"2106-12-26T10:17:11",17.9996,-107.659,66.649,21.3378,34.4081,23.9478,156.009,235,180731,"HoHoHo_235",9.78,0.59,9.18,5.19,27.87,49.31,35.87,236,7.43773007188325,482.270795704174,0.461,2.166,10.8,5.34,12.56,11.82
"116","ETNP 2017 HoHoHoDZ (Nicole)","12/26/16","","6",8,16,62,"2106-12-26T10:17:11",17.9996,-107.659,62.499,21.7327,34.4178,23.8465,161.439,237,180801,"HoHoHo_237",10.04,0.91,9.13,5.48,27.45,48.49,30.12,238,7.3523267068749,409.666234932621,0.346,-25.05,15.74,1.64,15.09,17.3
"117","ETNP 2017 HoHoHoDZ (Nicole)","12/26/16","","6",8,17,35,"2106-12-26T10:17:11",17.9996,-107.659,35.141,27.3361,34.6958,22.3784,197.208,239,180801,"HoHoHo_239",14.16,-1.72,15.89,6.22,25.55,44.71,9.02,240,6.28265306132773,143.569920413428,0,NA,NA,0.48,NA,NA
"118","ETNP 2017 HoHoHoDZ (Nicole)","12/26/16","","6",8,18,0,"2106-12-26T10:17:11",17.9996,-107.659,3.613,27.3312,34.6981,22.3841,197.292,241,180801,"HoHoHo_241",14.01,-1.5,15.51,6.25,25.66,44.92,8.86,242,6.28340001232226,141.00646119338,0,NA,NA,NA,NA,NA
"119","ETNP 2017 HoHoHoDZ (Nicole)","12/26/16","","7",10,1,1500,"2106-12-26T22:20:01",16.9988,-107.2984,1515.082,3.1841,34.58965,27.5376,40.23,243,180803,"HoHoHo_243",19.74,-2.84,22.57,8.45,30.93,55.4,46.46,244,13.6789666831391,339.645538118513,0,NA,NA,45,NA,NA
"120","ETNP 2017 HoHoHoDZ (Nicole)","12/26/16","","7",10,2,1250,"2106-12-26T22:20:01",16.9988,-107.2984,1261.535,3.8391,34.5632,27.4524,20.604,245,NA,"",NA,NA,NA,NA,NA,NA,NA,246,13.342911198718,NA,0,NA,NA,46.3,NA,NA
"121","ETNP 2017 HoHoHoDZ (Nicole)","12/26/16","","7",10,3,1000,"2106-12-26T22:20:01",16.9988,-107.2984,1008.09,4.67555,34.53765,27.3426,5.339,247,180806,"HoHoHo_247",16.51,-4.34,20.85,6.09,32.25,58.05,69.11,248,12.9296455449435,534.508078816031,0,NA,NA,46.2,NA,NA
"122","ETNP 2017 HoHoHoDZ (Nicole)","12/26/16","","7",10,4,850,"2106-12-26T22:20:01",16.9988,-107.2984,856.719,5.2833,34.5294,27.266,1.085,249,180806,"HoHoHo_249",49.19,-3.97,53.16,22.61,59.8,113.73,4.63,250,12.6397617342988,36.6304373241166,0.442,-31.027,14.804,45,15.66,14.45
"123","ETNP 2017 HoHoHoDZ (Nicole)","12/26/16","","7",10,5,650,"2106-12-26T22:20:01",16.9988,-107.2984,655.422,6.4903,34.5325,27.1167,-0.012,251,180806,"HoHoHo_251",31.73,-8.79,40.52,11.47,47.16,88.02,2.73,252,12.0891363913918,22.5822582491824,0.714,-17.291,15.635,40.2,21.76,18.75
"124","ETNP 2017 HoHoHoDZ (Nicole)","12/26/16","","7",10,6,500,"2106-12-26T22:20:01",16.9988,-107.2984,503.745,8.19815,34.57815,26.9097,0.038,253,180806,"HoHoHo_253",33.91,-12.54,46.46,10.68,49.41,92.57,4.8,254,11.3635145075233,42.2404529586523,1.701,-16.786,15.524,32,19.75,17.49
"125","ETNP 2017 HoHoHoDZ (Nicole)","12/26/16","","7",10,7,390,"2106-12-26T22:20:01",16.9988,-107.2984,390.737,9.87355,34.6522,26.6988,-0.041,255,180806,"HoHoHo_255",33.47,-11.98,45.44,10.75,48.04,89.8,4.1,256,10.7085197517262,38.2872712107485,2.221,-19.454,15.622,27,18.67,17.05
"126","ETNP 2017 HoHoHoDZ (Nicole)","12/26/16","","7",10,8,335,"2106-12-26T22:20:01",16.9988,-107.2984,336.574,10.35425,34.67955,26.6378,-0.016,257,180806,"HoHoHo_257",30.61,-13.41,44.02,8.6,46.09,85.86,4.32,258,10.5301826532213,41.0249294078337,2.96,-20.084,15.348,25.3,18.29,16.55
"127","ETNP 2017 HoHoHoDZ (Nicole)","12/26/16","","7",10,9,295,"2106-12-26T22:20:01",16.9988,-107.2984,295.919,10.97055,34.7127,26.5543,-0.041,259,180806,"HoHoHo_259",30.18,-16.35,46.53,6.92,41.77,77.14,2.7,260,10.3078063161989,26.1937401341826,4.299,-19.207,15.476,24.3,19.67,17.99
"128","ETNP 2017 HoHoHoDZ (Nicole)","12/26/16","","7",10,10,240,"2106-12-26T22:20:01",16.9988,-107.2984,239.552,11.5879,34.7439,26.4647,-0.051,261,180806,"HoHoHo_261",22.8,-8.95,31.75,6.92,41.18,75.94,29.85,262,10.0918619332676,295.782881269908,0.973,-23.583,15.417,25.2,13.58,14.4
"129","ETNP 2017 HoHoHoDZ (Nicole)","12/26/16","","7",10,11,200,"2106-12-26T22:20:01",16.9988,-107.2984,198.412,12.10825,34.769,26.3857,-0.039,263,180807,"HoHoHo_263",23.58,-10.64,34.22,6.47,43.65,80.92,28.91,264,9.91493798210019,291.580240362495,0.116,-23.358,18.022,24.7,13.19,15.22
"130","ETNP 2017 HoHoHoDZ (Nicole)","12/26/16","","7",10,12,170,"2106-12-26T22:20:01",16.9988,-107.2984,169.649,12.4962,34.7864,26.3242,-0.066,265,180807,"HoHoHo_265",15.5,-7.24,22.74,4.13,35.25,64.04,82.63,266,9.78600249996193,844.369291754436,0,NA,NA,23.6,NA,NA
"131","ETNP 2017 HoHoHoDZ (Nicole)","12/26/16","","7",10,13,145,"2106-12-26T22:20:01",16.9988,-107.2984,145.985,13.1569,34.8028,26.2056,-0.077,267,180808,"HoHoHo_267",11.34,-4.03,15.37,3.65,30.98,55.51,95.77,268,9.57263470837532,1000.4560177796,0,NA,NA,21.7,NA,NA
"132","ETNP 2017 HoHoHoDZ (Nicole)","12/26/16","","7",10,14,116,"2106-12-26T22:20:01",16.9988,-107.2984,116.791,14.06835,34.7751,25.9972,-0.047,269,180808,"HoHoHo_269",9.18,-1.24,10.42,3.97,27.99,49.56,45.18,270,9.29176432750256,486.237041831468,0.491,4.107,13.811,24.7,11.62,10.84
"133","ETNP 2017 HoHoHoDZ (Nicole)","12/26/16","","7",10,15,113,"2106-12-26T22:20:01",16.9988,-107.2984,113.875,14.1683,34.77015,25.9776,-0.043,271,180808,"HoHoHo_271",9.43,-0.98,10.41,4.22,27.61,48.81,35.81,272,9.26179618962559,386.642064528605,0.506,0.694,11.36,24.7,14.61,13.53
"134","ETNP 2017 HoHoHoDZ (Nicole)","12/26/16","","7",10,16,100,"2106-12-26T22:20:01",16.9988,-107.2984,103.088,14.54825,34.7428,25.8679,-0.042,273,180808,"HoHoHo_273",11.93,-1.95,13.88,4.99,26.61,46.81,15.9,274,9.1495831509951,173.778408672867,0,NA,NA,24.5,14.39,12.84
"135","ETNP 2017 HoHoHoDZ (Nicole)","12/26/16","","8",11,1,2500,"2106-12-27T04:11:25",16.54064,-107.149,2531.059,1.6557,34.6545,27.7077,101.278,275,180808,"HoHoHo_275",20.65,-3.23,23.87,8.71,30.51,54.58,29.37,276,14.5099159090459,202.413302627687,0,NA,NA,39.78,5.117,2.898
"136","ETNP 2017 HoHoHoDZ (Nicole)","12/26/16","","8",11,2,2300,"2106-12-27T04:11:25",16.54064,-107.149,2324.677,1.7764,34.6481,27.6945,95.199,277,180808,"HoHoHo_277",20.78,-3.27,24.04,8.76,30.65,54.85,30.91,278,14.4419033080002,214.029960876951,0,NA,NA,39.93,5.376,2.953
"137","ETNP 2017 HoHoHoDZ (Nicole)","12/26/16","","8",11,3,2000,"2106-12-27T04:11:25",16.54064,-107.149,2023.15,2.0888,34.6314,27.6578,79.893,279,180808,"HoHoHo_279",20.63,-3.08,23.71,8.78,30.94,55.42,34.96,280,14.2679146218156,245.025295753777,0,NA,NA,41.46,5.349,2.644
"138","ETNP 2017 HoHoHoDZ (Nicole)","12/26/16","","8",11,4,1700,"2106-12-27T04:11:25",16.54064,-107.149,1717.751,2.6311,34.6052,27.5921,56.947,281,180808,"HoHoHo_281",20.67,-3.37,24.04,8.65,31,55.54,41.35,282,13.9724738442821,295.939004508649,0,NA,NA,43.15,5.835,3.021
"139","ETNP 2017 HoHoHoDZ (Nicole)","12/26/16","","8",11,5,1500,"2106-12-27T04:11:25",16.54064,-107.149,1514.836,2.9905,34.5891,27.5478,44.422,283,180809,"HoHoHo_283",19.05,-2.04,21.09,8.5,30.88,55.31,44.37,284,13.7812258250109,321.959748453399,0,NA,NA,44.38,5.949,3.19
"140","ETNP 2017 HoHoHoDZ (Nicole)","12/26/16","","8",11,6,1200,"2106-12-27T04:11:25",16.54064,-107.149,1210.357,3.8258,34.5574,27.4425,19.862,285,180809,"HoHoHo_285",18.4,-2.65,21.05,7.88,30.89,55.34,54.29,286,13.3501147856765,406.663170104338,0,NA,NA,45.8,6.316,3.57
"141","ETNP 2017 HoHoHoDZ (Nicole)","12/26/16","","8",11,7,1000,"2106-12-27T04:11:25",16.54064,-107.149,1008.204,4.556,34.5387,27.3507,5.522,287,180809,"HoHoHo_287",16.93,-3.15,20.08,6.89,31.22,55.98,63.82,288,12.9878037656881,491.384079644037,0,NA,NA,45.6,6.973,4.623
"142","ETNP 2017 HoHoHoDZ (Nicole)","12/26/16","","8",11,8,750,"2106-12-27T04:11:25",16.54064,-107.149,755.426,5.9776,34.5301,27.1756,0.251,289,180809,"HoHoHo_289",19.38,-6.22,25.6,6.58,36.34,66.23,56.86,290,12.3189040675665,461.567032977409,0,NA,NA,41.75,8.463,7.228
"143","ETNP 2017 HoHoHoDZ (Nicole)","12/26/16","","8",11,9,500,"2106-12-27T04:11:25",16.54064,-107.149,503.236,8.3329,34.577,26.8832,0.131,291,180809,"HoHoHo_291",52,-4.52,56.52,23.74,61.39,116.99,4.74,292,11.3092123637323,41.9127331555005,0.35,-30.927,14.585,31.14,16.04,15.073
"144","ETNP 2017 HoHoHoDZ (Nicole)","12/26/16","","8",11,10,300,"2106-12-27T04:11:25",16.54064,-107.149,301.446,11.2777,34.7234,26.5025,0.047,293,180809,"HoHoHo_293",35.16,-10.39,45.55,12.38,51.02,95.83,5.51,294,10.1998170749953,54.0205766386506,1.441,-16.526,15.417,24.92,19.292,17.603
"145","ETNP 2017 HoHoHoDZ (Nicole)","12/26/16","","8",11,11,150,"2106-12-27T04:11:25",16.54064,-107.149,150.888,13.2537,34.8059,26.187,0.037,295,180809,"HoHoHo_295",33.26,-8.76,42.02,12.25,50.79,95.36,19.59,296,9.54190655020469,205.304882173466,1.51,-25.64,14.49,25.52,12.243,12.949
"146","ETNP 2017 HoHoHoDZ (Nicole)","12/26/16","","8",11,12,140,"2106-12-27T04:11:25",16.54064,-107.149,139.35,13.5443,34.7843,26.1111,0.001,297,180809,"HoHoHo_297",31.26,-9.72,40.98,10.77,48.83,91.4,21.97,298,9.45210321282563,232.435041231763,1.311,-24.7,14.862,24.46,12.905,13.853
"147","ETNP 2017 HoHoHoDZ (Nicole)","12/26/16","","8",11,13,130,"2106-12-27T04:11:25",16.54064,-107.149,130.599,13.6158,34.7851,26.0973,-0.033,299,180809,"HoHoHo_299",28.78,-8.48,37.26,10.15,47.52,88.74,25.64,300,9.42988445896333,271.901528715217,1.155,-24.865,14.707,24.37,12.633,13.364
"148","ETNP 2017 HoHoHoDZ (Nicole)","12/26/16","","8",11,14,120,"2106-12-27T04:11:25",16.54064,-107.149,120.19,13.9938,34.7876,26.0206,-0.006,301,180809,"HoHoHo_301",21.07,-7.19,28.27,6.94,40.45,74.48,55.73,302,9.3137651408334,598.361663165293,0.342,-25.653,15.141,25.61,10.151,11.473
"149","ETNP 2017 HoHoHoDZ (Nicole)","12/26/16","","8",11,15,110,"2106-12-27T04:11:25",16.54064,-107.149,110.506,14.6857,34.7567,25.8493,-0.044,303,180813,"HoHoHo_303",14.8,-6.09,20.9,4.36,34.18,61.9,103.44,304,9.10831359010902,1135.66577365461,0,NA,NA,27.7,9.839,10.994
"150","ETNP 2017 HoHoHoDZ (Nicole)","12/26/16","","8",11,16,100,"2106-12-27T04:11:25",16.54064,-107.149,100.409,15.3723,34.732,25.6796,-0.052,305,180813,"HoHoHo_305",12.32,-5.5,17.82,3.41,31.75,57.04,125.4,306,8.910679369484,1407.30010362006,0,NA,NA,26.95,9.686,9.925
"151","ETNP 2017 HoHoHoDZ (Nicole)","12/26/16","","8",11,17,90,"2106-12-27T04:11:25",16.54064,-107.149,90.509,16.0862,34.6895,25.4858,0.086,307,180813,"HoHoHo_307",11.33,-4.89,16.21,3.22,31.03,55.6,126.07,308,8.71261466300076,1446.98239135231,0,NA,NA,26.95,9.222,9.779
"152","ETNP 2017 HoHoHoDZ (Nicole)","12/26/16","","8",11,18,80,"2106-12-27T04:11:25",16.54064,-107.149,81.136,16.9298,34.6548,25.2628,0.497,309,180813,"HoHoHo_309",10,-3.93,13.93,3.04,29.67,52.89,115.18,310,8.4861853225368,1357.26472640323,0,NA,NA,25.12,9.504,8.328
"153","ETNP 2017 HoHoHoDZ (Nicole)","12/26/16","","8",11,19,70,"2106-12-27T04:11:25",16.54064,-107.149,70.201,19.1135,34.5698,24.6602,11.942,311,180813,"HoHoHo_311",8.55,-2.79,11.34,2.88,28.36,50.3,90.89,312,7.93912427193446,1144.83659515577,0,NA,NA,14.17,9.808,7.263
"154","ETNP 2017 HoHoHoDZ (Nicole)","12/26/16","","8",11,20,60,"2106-12-27T04:11:25",16.54064,-107.149,59.894,21.6533,34.467,23.906,70.461,313,180813,"HoHoHo_313",9.37,-2.18,11.54,3.59,28,49.58,62.22,314,7.36743232566899,844.52760812228,0.844,1.58,12.867,4.47,12.169,8.643
"155","ETNP 2017 HoHoHoDZ (Nicole)","12/26/16","","8",11,21,50,"2106-12-27T04:11:25",16.54064,-107.149,49.923,24.763,34.3258,22.9002,134.327,315,180813,"HoHoHo_315",9.08,-1.93,11,3.57,27.05,47.69,41.55,316,6.74995396692154,615.559753497841,0.61,0.115,11.595,0.22,13.379,10.447
"156","ETNP 2017 HoHoHoDZ (Nicole)","12/26/16","","8",11,22,40,"2106-12-27T04:11:25",16.54064,-107.149,40.138,29.0138,33.6082,21.0117,197.659,317,180813,"HoHoHo_317",13.8,-2.8,16.6,5.5,25.92,45.44,10.83,318,6.04439213919329,179.174344592497,0,NA,NA,0.19,7.387,15.531
"157","ETNP 2017 HoHoHoDZ (Nicole)","12/26/16","","8",11,23,20,"2106-12-27T04:11:25",16.54064,-107.149,19.914,29.0364,33.5555,20.9662,197.77,319,180813,"HoHoHo_319",15.11,-4.34,19.45,5.39,25.63,44.87,8.41,320,6.04243227422522,139.18236263688,0,NA,NA,0.54,3.901,23.368
"158","ETNP 2017 HoHoHoDZ (Nicole)","12/26/16","","8",11,24,0,"2106-12-27T04:11:25",16.54064,-107.149,2.537,29.022,33.5564,20.9731,197.508,321,180813,"HoHoHo_321",15.15,-3.11,18.26,6.02,25.57,44.75,8.26,322,6.04466307912134,136.649468992417,0,NA,NA,NA,NA,NA
"159","ETNP 2017 HoHoHoDZ (Nicole)","12/27/16","","9",12,4,850,"2106-12-27T10:26:50",16.0004,-106.946,857.031,5.5618,34.535,27.2306,0.083,323,180813,"HoHoHo_323",19.38,-7.15,26.53,6.11,34.36,62.27,67.33,324,12.5092825489242,538.240300646103,0,NA,NA,43.29,7.946,5.77
"160","ETNP 2017 HoHoHoDZ (Nicole)","12/27/16","","9",12,7,400,"2106-12-27T10:26:50",16.0004,-106.946,403.376,9.6992,34.6368,26.7114,-0.015,325,180813,"HoHoHo_325",27.23,-5.03,32.27,11.1,39.73,73.04,15.13,326,10.774599520721,140.422852570093,0.064,NA,NA,29.39,15.717,13.93
"161","ETNP 2017 HoHoHoDZ (Nicole)","12/27/16","","9",12,12,150,"2106-12-27T10:26:50",16.0004,-106.946,150.543,12.8567,34.8164,26.2752,-0.051,327,180813,"HoHoHo_327",33.92,-6,39.93,13.96,48.56,90.86,18.65,328,9.6676246257213,192.911917063686,1.519,NA,NA,26.64,12.315,12.143
"162","ETNP 2017 HoHoHoDZ (Nicole)","12/27/16","","9",12,14,120,"2106-12-27T10:26:50",16.0004,-106.946,120.929,13.6897,34.8018,26.0951,-0.02,329,180813,"HoHoHo_329",31.94,-12.62,44.56,9.66,49.74,93.24,18.37,330,9.40618941509324,195.296938955145,1.514,NA,NA,24.69,13.521,13.456
"163","ETNP 2017 HoHoHoDZ (Nicole)","12/27/16","","9",12,16,110,"2106-12-27T10:26:50",16.0004,-106.946,110.491,14.1032,34.7942,26.0029,-0.054,331,180813,"HoHoHo_331",23.49,-9.53,33.01,6.98,41.98,77.55,47.16,332,9.28025289949132,508.17580631434,0.211,NA,NA,26.01,10.473,11.199
"164","ETNP 2017 HoHoHoDZ (Nicole)","12/27/16","","9",12,18,100,"2106-12-27T10:26:50",16.0004,-106.946,100.595,14.7921,34.7707,25.8373,-0.05,333,180813,"HoHoHo_333",16.18,-8.57,24.75,3.8,34.71,62.97,93.28,334,9.07639473360024,1027.72083781993,0,NA,NA,26.29,9.982,10.197
"165","ETNP 2017 HoHoHoDZ (Nicole)","12/27/16","","9",12,19,90,"2106-12-27T10:26:50",16.0004,-106.946,90.355,15.7241,34.7345,25.6029,0.055,335,180814,"HoHoHo_335",10.16,-5.07,15.23,2.54,30.39,54.32,121.91,336,8.8111450376413,1383.58861963115,0,NA,NA,27.17,9.401,8.42
"166","ETNP 2017 HoHoHoDZ (Nicole)","12/27/16","","9",12,20,50,"2106-12-27T10:26:50",16.0004,-106.946,50.479,25.8102,34.0116,22.3432,168.865,337,180814,"HoHoHo_337",9.91,-1.4,11.32,4.25,26.13,45.86,17.54,338,6.56886502115537,267.017208353521,0.974,NA,NA,1.78,13.212,11.506
"167","ETNP 2017 HoHoHoDZ (Nicole)","12/27/16","","9",12,21,45,"2106-12-27T10:26:50",16.0004,-106.946,45.037,26.5328,33.9852,22.0982,175.775,339,180815,"HoHoHo_339",9.18,-0.4,9.58,4.39,25.7,45.01,18.91,340,6.44226056996035,293.530505241833,0.956,NA,NA,2.41,12.09,10.583
"168","ETNP 2017 HoHoHoDZ (Nicole)","12/27/16","","10",13,2,850,"2106-12-27T19:49:03",15.00226,-106.568,858.237,5.2781,34.5282,27.2599,1.179,341,180815,"HoHoHo_341",16.29,-3.75,20.04,6.27,31.74,57.02,69.61,342,12.6422961044138,550.612004536873,0.02,NA,NA,44.63,7.941,5.136
"169","ETNP 2017 HoHoHoDZ (Nicole)","12/27/16","","10",13,5,400,"2106-12-27T19:49:03",15.00226,-106.568,403.241,9.93,34.6493,26.682,0.051,343,180815,"HoHoHo_343",31.91,-1.73,33.63,15.09,44.85,83.34,8.52,344,10.6877186527945,79.7176673225049,0.451,NA,NA,27.43,18.087,15.893
"170","ETNP 2017 HoHoHoDZ (Nicole)","12/27/16","","10",13,8,250,"2106-12-27T19:49:03",15.00226,-106.568,251.708,11.9626,34.7784,26.4178,-0.051,345,180815,"HoHoHo_345",22.44,-1.71,24.15,10.37,38.22,69.99,29.65,346,9.96310715642993,297.597923363342,0.834,NA,NA,28.63,12.061,12.1
"171","ETNP 2017 HoHoHoDZ (Nicole)","12/27/16","","10",13,10,150,"2106-12-27T19:49:03",15.00226,-106.568,151.446,13.215,34.8382,26.2199,0.934,347,NA,"",NA,NA,NA,NA,NA,NA,NA,348,9.55242925333339,NA,0.039,NA,NA,30.98,8.036,7.374
"172","ETNP 2017 HoHoHoDZ (Nicole)","12/27/16","","10",13,13,120,"2106-12-27T19:49:03",15.00226,-106.568,120.919,13.7667,34.8174,26.0912,3.917,349,180815,"HoHoHo_349",10.57,-3.15,13.72,3.71,29.28,52.12,74.03,350,9.38168330851332,789.090801357814,0.003,NA,NA,29.21,8.344,7.608
"173","ETNP 2017 HoHoHoDZ (Nicole)","12/27/16","","10",13,15,100,"2106-12-27T19:49:03",15.00226,-106.568,100.767,14.5555,34.8203,25.9268,1.738,351,180815,"HoHoHo_351",6.02,-1.1,7.12,2.46,25.41,44.42,112.85,352,9.14361116240946,1234.19508983432,0.02,NA,NA,31.76,7.108,5.155
"174","ETNP 2017 HoHoHoDZ (Nicole)","12/27/16","","10",13,18,80,"2106-12-27T19:49:03",15.00226,-106.568,80.725,16.0188,34.738,25.5389,0.459,353,180815,"HoHoHo_353",8.29,-3.35,11.64,2.47,28.87,51.31,123.02,354,8.72895830367635,1409.33196975163,0.044,NA,NA,28.3,8.693,7.623
"175","ETNP 2017 HoHoHoDZ (Nicole)","12/27/16","","10",13,19,65,"2106-12-27T19:49:03",15.00226,-106.568,65.738,20.4642,34.4697,24.231,43.861,355,180815,"HoHoHo_355",7.6,-2.05,9.66,2.78,28.02,49.62,82.82,356,7.62881323968481,1085.62101860317,1.132,NA,NA,17.99,11.258,9.659
"176","ETNP 2017 HoHoHoDZ (Nicole)","12/27/16","","10",13,20,60,"2106-12-27T19:49:03",15.00226,-106.568,60.935,22.5547,34.2887,23.5179,85.118,357,180815,"HoHoHo_357",6.56,-0.52,7.08,3.02,26.51,46.62,45.21,358,7.18479814829428,629.245235104248,1.037,NA,NA,14.57,9.449,7.445
"177","ETNP 2017 HoHoHoDZ (Nicole)","12/27/16","","10",13,21,55,"2106-12-27T19:49:03",15.00226,-106.568,54.844,25.2278,34.0969,22.5861,148.508,359,180815,"HoHoHo_359",7.91,-0.94,8.85,3.48,25.87,45.34,25.83,360,6.67161928497575,387.162379876325,1.241,NA,NA,6.55,11.18,8.763
"178","ETNP 2017 HoHoHoDZ (Nicole)","12/27/16","","11",14,1,1500,"2106-12-28T04:38:21",14.00381,-106.207,1516.746,2.9627,34.5944,27.5546,47.218,361,180815,"HoHoHo_361",19.58,-2.38,21.96,8.6,30.78,55.11,43.58,362,13.7955595670626,315.898748348337,0.028,NA,NA,46.5,NA,NA
"179","ETNP 2017 HoHoHoDZ (Nicole)","12/27/16","","11",14,4,850,"2106-12-28T04:38:21",14.00381,-106.207,857.167,5.2005,34.5442,27.2819,1.364,363,180815,"HoHoHo_363",16.81,-4.73,21.53,6.04,31.54,56.62,71.42,364,12.6777140246841,563.350773340854,0.028,NA,NA,48.06,NA,NA
"180","ETNP 2017 HoHoHoDZ (Nicole)","12/27/16","","11",14,5,600,"2106-12-28T04:38:21",14.00381,-106.207,604.609,6.8205,34.5539,27.0842,0.064,365,180815,"HoHoHo_365",46.26,-7.54,53.8,19.36,56.78,107.57,14.48,366,11.9429849627308,121.242721523858,0.321,NA,NA,40.37,NA,NA
"181","ETNP 2017 HoHoHoDZ (Nicole)","12/27/16","","11",14,6,465,"2106-12-28T04:38:21",14.00381,-106.207,466.388,8.2111,34.5648,26.8929,0.376,367,180815,"HoHoHo_367",20.56,-2.16,22.72,9.2,34.74,63.02,38.9,368,11.3591293425517,342.455824094538,0,NA,NA,36.55,NA,NA
"182","ETNP 2017 HoHoHoDZ (Nicole)","12/27/16","","11",14,7,400,"2106-12-28T04:38:21",14.00381,-106.207,405.099,9.3681,34.6206,26.7539,0.074,369,180815,"HoHoHo_369",20.76,-1.52,22.28,9.62,35.87,65.28,36.85,370,10.9009005877886,338.045464255313,0.044,NA,NA,33.8,NA,NA
"183","ETNP 2017 HoHoHoDZ (Nicole)","12/27/16","","11",14,8,350,"2106-12-28T04:38:21",14.00381,-106.207,352.978,10.4645,34.6869,26.6196,-0.003,371,180815,"HoHoHo_371",28.87,0.94,27.92,14.91,41.78,77.15,14.53,372,10.4898171887471,138.515283331982,0.744,NA,NA,28.77,NA,NA
"184","ETNP 2017 HoHoHoDZ (Nicole)","12/27/16","","11",14,9,300,"2106-12-28T04:38:21",14.00381,-106.207,303.136,10.9648,34.7214,26.5582,-0.044,373,180815,"HoHoHo_373",26.24,0.7,25.54,13.47,40.96,75.51,18.84,374,10.3093357631203,182.746982277913,0.98,NA,NA,28.92,NA,NA
"185","ETNP 2017 HoHoHoDZ (Nicole)","12/27/16","","11",14,10,250,"2106-12-28T04:38:21",14.00381,-106.207,251.935,11.5204,34.7507,26.4799,0.072,375,180816,"HoHoHo_375",14.5,-1.82,16.32,6.34,30.74,55.03,57.54,376,10.1145848950603,568.881477559212,0,NA,NA,32.64,NA,NA
"186","ETNP 2017 HoHoHoDZ (Nicole)","12/27/16","","11",14,11,210,"2106-12-28T04:38:21",14.00381,-106.207,211.265,12.2491,34.7985,26.3793,0.067,377,180816,"HoHoHo_377",12.97,-1.78,14.75,5.59,30.26,54.07,68.48,378,9.86658953182023,694.059480017373,0.052,NA,NA,32.29,NA,NA
"187","ETNP 2017 HoHoHoDZ (Nicole)","12/27/16","","11",14,12,180,"2106-12-28T04:38:21",14.00381,-106.207,181.373,12.6345,34.82,26.3213,0.822,379,180816,"HoHoHo_379",10.72,-1.53,12.26,4.6,28.07,49.71,80.84,380,9.73916562386951,830.050572318752,0.052,NA,NA,32.97,NA,NA
"188","ETNP 2017 HoHoHoDZ (Nicole)","12/27/16","","11",14,13,150,"2106-12-28T04:38:21",14.00381,-106.207,150.75,13.0864,34.8369,26.2449,1.886,381,180816,"HoHoHo_381",8.72,-1.16,9.89,3.78,26.3,46.21,90.93,382,9.59320342692422,947.858561456087,0.052,NA,NA,33.08,NA,NA
"189","ETNP 2017 HoHoHoDZ (Nicole)","12/27/16","","11",14,15,120,"2106-12-28T04:38:21",14.00381,-106.207,120.557,13.5325,34.8096,26.1337,-0.014,383,180816,"HoHoHo_383",18.11,-6.48,24.59,5.81,37.2,67.95,61.34,384,9.45447074380857,648.79358836844,0.125,NA,NA,28.86,NA,NA
"190","ETNP 2017 HoHoHoDZ (Nicole)","12/27/16","","11",14,16,110,"2106-12-28T04:38:21",14.00381,-106.207,111.026,13.8498,34.8034,26.0633,-0.014,385,180816,"HoHoHo_385",16.86,-7.73,24.59,4.57,36.66,66.87,82.24,386,9.35690348338777,878.923247910045,0.039,NA,NA,28.06,NA,NA
"191","ETNP 2017 HoHoHoDZ (Nicole)","12/27/16","","11",14,18,90,"2106-12-28T04:38:21",14.00381,-106.207,90.75,15.1023,34.7844,25.7802,0.327,387,180816,"HoHoHo_387",8.85,-3.62,12.48,2.61,28.73,51.03,119.3,388,8.98557362368618,1327.68374058527,0.028,NA,NA,30.16,NA,NA
"192","ETNP 2017 HoHoHoDZ (Nicole)","12/27/16","","11",14,19,75,"2106-12-28T04:38:21",14.00381,-106.207,75.527,16.9893,34.6978,25.2819,0.724,389,180816,"HoHoHo_389",7.22,-2.96,10.17,2.13,27.47,48.52,114.9,390,8.46850295942777,1356.79234630348,0.06,NA,NA,29.11,NA,NA
"193","ETNP 2017 HoHoHoDZ (Nicole)","12/27/16","","11",14,20,50,"2106-12-28T04:38:21",14.00381,-106.207,50.176,25.3585,34.1042,22.552,136.426,391,180816,"HoHoHo_391",8.56,-1.86,10.43,3.35,26.57,46.74,39.05,392,6.64744914890818,587.443380539644,0.712,NA,NA,6.51,NA,NA
"194","ETNP 2017 HoHoHoDZ (Nicole)","12/27/16","","11",14,21,45,"2106-12-28T04:38:21",14.00381,-106.207,45.832,27.2772,33.8319,21.7464,177.173,393,180816,"HoHoHo_393",9.44,-1.68,11.12,3.88,26.37,46.33,24.48,394,6.31982113510853,387.352734779251,0.134,NA,NA,0.22,NA,NA
"195","ETNP 2017 HoHoHoDZ (Nicole)","12/28/16","","12",15,4,500,"2106-12-28T20:27:28",15.69824,-104.634,504.512,7.9183,34.5719,26.9421,-0.018,395,180821,"HoHoHo_395",46.59,-5.76,52.35,20.42,57.22,108.46,4.09,396,11.478040432334,35.6332600857401,0.395,NA,NA,34.41,NA,NA
"196","ETNP 2017 HoHoHoDZ (Nicole)","12/28/16","","12",15,5,400,"2106-12-28T20:27:28",15.69824,-104.634,402.58,9.3341,34.6162,26.7561,-0.051,397,180821,"HoHoHo_397",41.7,-8.45,50.15,16.62,53.26,100.38,3.27,398,10.9141568115468,29.9610868385221,0.447,NA,NA,29.58,NA,NA
"197","ETNP 2017 HoHoHoDZ (Nicole)","12/28/16","","12",15,7,300,"2106-12-28T20:27:28",15.69824,-104.634,301.548,10.7301,34.6903,26.5762,-0.066,399,180821,"HoHoHo_399",33.71,-12.83,46.54,10.44,48.74,91.21,3.93,400,10.3943035814636,37.8091708520854,0.965,NA,NA,25.56,NA,NA
"198","ETNP 2017 HoHoHoDZ (Nicole)","12/28/16","","12",15,9,200,"2106-12-28T20:27:28",15.69824,-104.634,200.791,12.0829,34.7582,26.3804,-0.038,401,180821,"HoHoHo_401",33.43,-12.06,45.49,10.68,48.37,90.47,3.75,402,9.92397484047743,37.7872783867275,1.943,NA,NA,24.31,NA,NA
"199","ETNP 2017 HoHoHoDZ (Nicole)","12/28/16","","12",15,10,180,"2106-12-28T20:27:28",15.69824,-104.634,180.857,12.3376,34.7672,26.3386,-0.031,403,180821,"HoHoHo_403",29.47,-14.33,43.81,7.57,46.27,86.21,3.87,404,9.83907018380992,39.3329850047014,2.64,NA,NA,23.77,NA,NA
"200","ETNP 2017 HoHoHoDZ (Nicole)","12/28/16","","12",15,11,160,"2106-12-28T20:27:28",15.69824,-104.634,161.213,12.9688,34.7701,26.2166,-0.035,405,180822,"HoHoHo_405",25.88,-11.82,37.7,7.03,41.45,76.48,2.67,406,9.63415980333793,27.7138853257856,3.079,NA,NA,22.69,NA,NA
"201","ETNP 2017 HoHoHoDZ (Nicole)","12/28/16","","12",15,12,150,"2106-12-28T20:27:28",15.69824,-104.634,150.943,13.2972,34.7625,26.1446,2.83e-18,407,180822,"HoHoHo_407",32.2,-11.61,43.81,10.29,45.24,84.14,2.6,408,9.53046792643033,27.280927023421,2.311,NA,NA,22.69,NA,NA
"202","ETNP 2017 HoHoHoDZ (Nicole)","12/28/16","","12",15,13,142,"2106-12-28T20:27:28",15.69824,-104.634,142.963,13.6349,34.7486,26.0647,-0.041,409,180822,"HoHoHo_409",30.37,-4.59,34.96,12.89,47.19,88.08,8.43,410,9.42584095764017,89.4349908712072,1.014,NA,NA,23.68,NA,NA
"203","ETNP 2017 HoHoHoDZ (Nicole)","12/28/16","","12",15,15,120,"2106-12-28T20:27:28",15.69824,-104.634,121.011,14.8334,34.653,25.7368,6.302,411,180822,"HoHoHo_411",12.14,1.31,10.83,6.72,30.44,54.43,55.33,412,9.07006217992913,610.028893985292,0,NA,NA,25.2,NA,NA
"204","ETNP 2017 HoHoHoDZ (Nicole)","12/28/16","","12",15,16,100,"2106-12-28T20:27:28",15.69824,-104.634,101.057,16.4488,34.5941,25.3282,18.001,413,180822,"HoHoHo_413",10.69,-1.49,12.18,4.6,30.35,54.26,75.09,414,8.61789710861114,871.326253419398,0,NA,NA,24.25,NA,NA
"205","ETNP 2017 HoHoHoDZ (Nicole)","12/28/16","","12",15,17,80,"2106-12-28T20:27:28",15.69824,-104.634,80.042,20.1006,34.4258,24.2934,110.069,415,180822,"HoHoHo_415",9.85,-0.68,10.53,4.59,28.25,50.08,43.33,416,7.71335374822638,561.753050804436,0.137,NA,NA,10.29,NA,NA
"206","ETNP 2017 HoHoHoDZ (Nicole)","12/28/16","","12",15,20,65,"2106-12-28T20:27:28",15.69824,-104.634,65.778,24.7294,34.3983,22.9641,207.356,417,180822,"HoHoHo_417",10.75,-1.35,12.1,4.7,26.81,47.22,18.69,418,6.75375653611512,276.734879323187,0.004,NA,NA,0.14,NA,NA
"207","ETNP 2017 HoHoHoDZ (Nicole)","12/28/16","","12",15,21,60,"2106-12-28T20:27:28",15.69824,-104.634,60.571,26.2456,34.1827,22.336,179.481,419,180822,"HoHoHo_419",9.28,-0.96,10.24,4.16,26.62,46.82,24.29,420,6.48600196428332,374.498807335529,-0.044,NA,NA,0.25,NA,NA
